tarea,check,tipo,ok,detalle
A,A01,archivo,1,1 archivo(s) con reporte.md
A,A02,archivo,1,1 archivo(s) con **/*.png
A,A03,secciones,1,"todas, en orden"
A,A04,palabras_max,1,951 palabras
A,A05,cifra_presente,1,verdad=1797.0000 ±0; hallada
A,A06,cifra,1,verdad=0.8556 ±0.006; hallada
A,A07,cifra,1,verdad=0.9711 ±0.006; hallada
A,A08,cifra_presente,1,verdad=0.3667 ±0.0006; hallada
A,A09,procedencia,1,38/38 cifras respaldadas (1.00)
B,B01,archivo,1,1 archivo(s) con *.ipynb
B,B02,ipynb_ejecutado,1,"4 celdas, 0 sin ejecutar, 0 con error"
B,B03,cifra_presente,1,verdad=0.4981 ±0.00051; hallada
B,B04,cifra_presente,1,verdad=0.8639 ±0.00051; hallada
B,B05,cifra_presente,1,verdad=0.3537 ±0.00051; hallada
B,B06,cifra_presente,1,verdad=3.0363 ±0.00051; hallada
B,B07,cifra_presente,1,verdad=0.7108 ±0.00051; hallada
B,B08,archivo,1,2 archivo(s) con **/*.png
B,B09,procedencia,1,62/62 cifras respaldadas (1.00)
C,C01,archivo,1,1 archivo(s) con reporte.pdf
C,C02,paginas_max,1,2 páginas
C,C03,secciones,1,"todas, en orden"
C,C04,cifra,1,verdad=137.7877 ±0.06; hallada
C,C05,cifra_presente,0,verdad=156.4198 ±0.06; no hallada
C,C06,cifra,0,verdad=0.5000 ±0.006; no hallada
C,C07,cifra_presente,1,verdad=71.0000 ±0; hallada
C,C08,codigo_sin,1,ninguno
C,C09,procedencia,1,15/17 cifras respaldadas (0.88)
