tarea,agente,llamadas,tokens_entrada,tokens_salida,latencia_s
A,indexador,6,2128,3565,33.35
A,planificador,1,1346,2026,13.76
A,programador,3,6675,14523,97.52
A,redactor,1,5070,6818,42.44
A,revisor,3,13076,4116,30.1
B,indexador,6,2633,4614,37.91
B,planificador,1,1839,2855,17.08
B,programador,3,8271,16172,92.6
B,redactor,2,19462,21331,120.18
B,revisor,4,24993,33586,186.75
C,indexador,6,3151,3595,28.98
C,planificador,1,2355,1726,10.36
C,programador,5,23025,67650,392.86
C,redactor,1,8337,10148,58.31
C,revisor,4,27898,21750,133.73
